user_id,user_name,total_posts,last_post_date,first_post_date,posts_last_month,posts_prior_month,posts_2_months_ago,posts_3_months_ago,posts_4_months_ago,posts_5_months_ago,posts_6_months_ago,posts_7_months_ago,posts_8_months_ago,posts_9_months_ago,posts_10_months_ago,posts_11_months_ago,posts_12_months_ago,pax_status
U07T8M3GC1L,007,3,2024-12-28,2024-11-02,0.0,0.0,0.0,0.0,0.0,0.0,0.0,0.0,0.0,1.0,1.0,1.0,0.0,nonkotter
U01A81A7BPS,1040EZ,14,2025-09-29,2024-11-23,2.0,0.0,0.0,1.0,3.0,3.0,0.0,0.0,0.0,0.0,5.0,0.0,0.0,active
U06LHSCT28K,2 Hand Touch (F3 Naperville Nant’an),6,2025-09-11,2025-06-05,1.0,3.0,1.0,0.0,1.0,0.0,0.0,0.0,0.0,0.0,0.0,0.0,0.0,active
U08V6VCELRG,2Shells,1,2025-06-03,2025-06-03,0.0,0.0,0.0,0.0,1.0,0.0,0.0,0.0,0.0,0.0,0.0,0.0,0.0,kotter
U016ZUU67BN,5-Putt,273,2025-10-08,2024-10-08,21.0,23.0,22.0,21.0,24.0,24.0,19.0,23.0,23.0,24.0,23.0,25.0,1.0,active
U0932DSK945,Al Bundy,3,2025-09-02,2025-07-08,0.0,1.0,1.0,1.0,0.0,0.0,0.0,0.0,0.0,0.0,0.0,0.0,0.0,kotter
U08K5RPAY02,Al Roache,1,2025-06-20,2025-06-20,0.0,0.0,0.0,1.0,0.0,0.0,0.0,0.0,0.0,0.0,0.0,0.0,0.0,kotter
U033V6QFP6W,AlexMorgan,4,2024-12-02,2024-11-25,0.0,0.0,0.0,0.0,0.0,0.0,0.0,0.0,0.0,0.0,4.0,0.0,0.0,nonkotter
U05C8DP6YS0,Algorithm,108,2025-10-06,2024-10-14,8.0,7.0,13.0,11.0,10.0,5.0,10.0,7.0,11.0,10.0,9.0,7.0,0.0,active
U08RFHRKC5P,Alter boy,41,2025-08-04,2025-05-06,0.0,0.0,6.0,12.0,20.0,3.0,0.0,0.0,0.0,0.0,0.0,0.0,0.0,kotter
U04GTJ7HV96,Animal House (F3 Outlands- regular Pax),1,2025-03-24,2025-03-24,0.0,0.0,0.0,0.0,0.0,0.0,1.0,0.0,0.0,0.0,0.0,0.0,0.0,nonkotter
U07V0KKMLNR,Ark,6,2024-12-11,2024-10-30,0.0,0.0,0.0,0.0,0.0,0.0,0.0,0.0,0.0,1.0,3.0,2.0,0.0,nonkotter
U08TAFQ4S0M,ATF,4,2025-06-27,2025-06-23,0.0,0.0,0.0,4.0,0.0,0.0,0.0,0.0,0.0,0.0,0.0,0.0,0.0,kotter
U05T0TCJZ44,Autobahn,1,2024-10-18,2024-10-18,0.0,0.0,0.0,0.0,0.0,0.0,0.0,0.0,0.0,0.0,0.0,1.0,0.0,nonkotter
U03SJESV9JR,BABYMOMMA,30,2025-08-02,2024-10-08,0.0,0.0,4.0,1.0,1.0,3.0,0.0,0.0,1.0,0.0,9.0,10.0,1.0,kotter
U09A401R820,Backpack Cooler,5,2025-08-29,2025-08-14,0.0,5.0,0.0,0.0,0.0,0.0,0.0,0.0,0.0,0.0,0.0,0.0,0.0,kotter
U03DP9WRXJN,Backstreet,48,2025-10-02,2024-10-08,3.0,6.0,10.0,7.0,5.0,1.0,3.0,2.0,1.0,1.0,1.0,7.0,1.0,active
U04PHN1MH8D,Ball boy,1,2025-05-21,2025-05-21,0.0,0.0,0.0,0.0,1.0,0.0,0.0,0.0,0.0,0.0,0.0,0.0,0.0,kotter
U06HSP24X8X,Bambino,16,2025-06-17,2024-10-26,0.0,0.0,0.0,2.0,2.0,2.0,1.0,1.0,0.0,0.0,4.0,4.0,0.0,kotter
U086HPX5QP8,Barney Fife,3,2025-01-08,2024-12-28,0.0,0.0,0.0,0.0,0.0,0.0,0.0,0.0,0.0,3.0,0.0,0.0,0.0,nonkotter
U05MUBTSF4P,Bean Counter (Naperville),4,2025-03-04,2024-11-19,0.0,0.0,0.0,0.0,0.0,0.0,0.0,2.0,1.0,0.0,1.0,0.0,0.0,nonkotter
U016890PYHM,Bedpan,204,2025-10-08,2024-10-08,17.0,19.0,14.0,15.0,18.0,18.0,16.0,13.0,13.0,18.0,21.0,21.0,1.0,active
U08RER38J8M,BeSt in ShOw,20,2025-08-02,2025-05-09,0.0,0.0,3.0,6.0,11.0,0.0,0.0,0.0,0.0,0.0,0.0,0.0,0.0,kotter
U07BTHWFLGZ,Bill Nye,21,2025-10-01,2024-10-11,1.0,1.0,1.0,2.0,5.0,3.0,0.0,0.0,0.0,0.0,1.0,7.0,0.0,active
U0194BS66MQ,Binford,42,2025-09-29,2024-10-08,1.0,1.0,5.0,2.0,1.0,3.0,5.0,4.0,6.0,4.0,5.0,4.0,1.0,active
U07UNG0MB26,Birthday Suit,1,2024-11-02,2024-11-02,0.0,0.0,0.0,0.0,0.0,0.0,0.0,0.0,0.0,0.0,0.0,1.0,0.0,nonkotter
U02KLQ941HU,Blinky,2,2025-06-21,2024-10-22,0.0,0.0,0.0,1.0,0.0,0.0,0.0,0.0,0.0,0.0,0.0,1.0,0.0,kotter
U0178E2951T,Blowfish,1,2025-07-17,2025-07-17,0.0,0.0,1.0,0.0,0.0,0.0,0.0,0.0,0.0,0.0,0.0,0.0,0.0,kotter
U02F2UV0MCL,Blue Gill,176,2025-10-01,2024-10-09,8.0,14.0,12.0,14.0,19.0,14.0,12.0,12.0,17.0,9.0,24.0,21.0,0.0,active
U0173MR5CS2,Blues Clues (F3 Naperville),1,2025-05-13,2025-05-13,0.0,0.0,0.0,0.0,1.0,0.0,0.0,0.0,0.0,0.0,0.0,0.0,0.0,kotter
U017QPPJVJ5,Bob Villa,187,2025-10-08,2024-10-08,17.0,10.0,18.0,21.0,30.0,24.0,22.0,8.0,9.0,5.0,14.0,8.0,1.0,active
U02ADFBHJP8,Bobby Boucher,2,2025-02-08,2024-11-02,0.0,0.0,0.0,0.0,0.0,0.0,0.0,0.0,1.0,0.0,0.0,1.0,0.0,nonkotter
U017X9WAQ9Y,BoilerUp,29,2025-10-08,2024-12-04,3.0,5.0,2.0,8.0,2.0,0.0,0.0,0.0,2.0,6.0,1.0,0.0,0.0,active
U017BMVBTGA,Bone Spur,1,2025-07-14,2025-07-14,0.0,0.0,1.0,0.0,0.0,0.0,0.0,0.0,0.0,0.0,0.0,0.0,0.0,kotter
U045ZBFGAH3,BoneSpur,1,2025-08-25,2025-08-25,0.0,1.0,0.0,0.0,0.0,0.0,0.0,0.0,0.0,0.0,0.0,0.0,0.0,kotter
U03T1RAT3UP,Boo Boo,1,2025-05-10,2025-05-10,0.0,0.0,0.0,0.0,1.0,0.0,0.0,0.0,0.0,0.0,0.0,0.0,0.0,kotter
U06TA58T8NR,Booger,14,2025-03-11,2024-11-08,0.0,0.0,0.0,0.0,0.0,0.0,1.0,2.0,1.0,2.0,7.0,1.0,0.0,nonkotter
U08SN6DGDME,Boolean (F3 Naperville),4,2025-10-03,2025-05-13,1.0,0.0,0.0,1.0,2.0,0.0,0.0,0.0,0.0,0.0,0.0,0.0,0.0,active
U06GZ8ECZC5,Boomer,228,2025-10-08,2024-10-08,17.0,16.0,21.0,17.0,20.0,22.0,17.0,16.0,20.0,20.0,23.0,18.0,1.0,active
U08RRCJP7C7,Boone's Farm (F3 Naperville),1,2025-05-13,2025-05-13,0.0,0.0,0.0,0.0,1.0,0.0,0.0,0.0,0.0,0.0,0.0,0.0,0.0,kotter
U06GX3VRNKU,BORG,9,2025-09-01,2025-01-28,0.0,2.0,0.0,0.0,1.0,0.0,0.0,1.0,5.0,0.0,0.0,0.0,0.0,kotter
U016P7DMTGT,Boston Butt,57,2025-10-01,2024-10-09,3.0,5.0,0.0,0.0,0.0,9.0,9.0,4.0,8.0,3.0,6.0,10.0,0.0,active
U082Q8SCDFB,Brad Hooper (Detention),2,2024-11-27,2024-11-25,0.0,0.0,0.0,0.0,0.0,0.0,0.0,0.0,0.0,0.0,2.0,0.0,0.0,nonkotter
U047GFQH4HL,Bronco,33,2025-09-30,2024-10-10,2.0,2.0,4.0,4.0,4.0,4.0,4.0,2.0,0.0,2.0,0.0,5.0,0.0,active
U048GCZ7GBY,Broomstick,153,2025-10-02,2024-10-08,12.0,11.0,9.0,12.0,10.0,9.0,13.0,13.0,13.0,16.0,17.0,17.0,1.0,active
U054HT59R9R,Bueller,4,2025-09-26,2025-02-08,1.0,0.0,1.0,0.0,1.0,0.0,0.0,0.0,1.0,0.0,0.0,0.0,0.0,active
U06M707AQBA,Bulldog (F3 Naperville),4,2025-08-20,2025-01-08,0.0,1.0,1.0,0.0,1.0,0.0,0.0,0.0,0.0,1.0,0.0,0.0,0.0,kotter
U01E40PTNFJ,Bunker,192,2025-09-26,2024-10-08,5.0,13.0,17.0,8.0,17.0,18.0,22.0,15.0,16.0,10.0,24.0,26.0,1.0,active
U0194BS469Y,Bunny Hill,18,2025-09-26,2024-10-11,2.0,0.0,1.0,0.0,2.0,3.0,1.0,1.0,2.0,1.0,2.0,3.0,0.0,active
U02AA561KC3,Burnt Ends,1,2024-11-09,2024-11-09,0.0,0.0,0.0,0.0,0.0,0.0,0.0,0.0,0.0,0.0,1.0,0.0,0.0,nonkotter
U05QD3D6ZK7,Caboose,161,2025-09-19,2024-10-08,5.0,15.0,14.0,15.0,16.0,15.0,8.0,5.0,15.0,10.0,25.0,17.0,1.0,active
U04QDH8EFGB,Candy Man,2,2025-10-08,2025-10-06,2.0,0.0,0.0,0.0,0.0,0.0,0.0,0.0,0.0,0.0,0.0,0.0,0.0,active
U017G12529J,Carmen San Diego (F3 Naperville),2,2025-07-12,2024-11-02,0.0,0.0,1.0,0.0,0.0,0.0,0.0,0.0,0.0,0.0,0.0,1.0,0.0,kotter
U03HAJB5A9G,CarpetMulcher,5,2025-08-02,2024-11-02,0.0,0.0,1.0,0.0,0.0,0.0,0.0,0.0,0.0,0.0,2.0,2.0,0.0,kotter
U077RQMTNG3,Celine Dion,77,2025-10-08,2024-10-09,8.0,3.0,8.0,8.0,5.0,7.0,6.0,5.0,2.0,5.0,8.0,12.0,0.0,active
U07GJC6UG1Z,Celler Dweller,143,2025-10-06,2024-10-08,10.0,17.0,14.0,12.0,13.0,13.0,18.0,11.0,4.0,4.0,13.0,13.0,1.0,active
U08EFG3CTAN,Chaps (2nd F Naperville),2,2025-03-04,2025-02-26,0.0,0.0,0.0,0.0,0.0,0.0,0.0,2.0,0.0,0.0,0.0,0.0,0.0,nonkotter
U06002TTAL9,Cheese Curd,2,2025-09-06,2025-08-30,0.0,2.0,0.0,0.0,0.0,0.0,0.0,0.0,0.0,0.0,0.0,0.0,0.0,kotter
U03765UPB8C,Chum Bucket,226,2025-10-08,2024-10-08,18.0,14.0,21.0,19.0,25.0,18.0,17.0,15.0,19.0,16.0,19.0,23.0,2.0,active
U04H6HMNPH9,Cinderella,120,2025-10-08,2024-10-08,9.0,9.0,7.0,8.0,7.0,9.0,7.0,5.0,8.0,12.0,20.0,18.0,1.0,active
U05UQACH41K,Cochran,1,2025-02-08,2025-02-08,0.0,0.0,0.0,0.0,0.0,0.0,0.0,0.0,1.0,0.0,0.0,0.0,0.0,nonkotter
U063PMGKQLB,coin purse,1,2024-11-02,2024-11-02,0.0,0.0,0.0,0.0,0.0,0.0,0.0,0.0,0.0,0.0,0.0,1.0,0.0,nonkotter
U0811KYJAEP,Cool Runnings,1,2024-11-15,2024-11-15,0.0,0.0,0.0,0.0,0.0,0.0,0.0,0.0,0.0,0.0,1.0,0.0,0.0,nonkotter
U092C571V3Q,Copay (F3 Naperville),1,2025-06-23,2025-06-23,0.0,0.0,0.0,1.0,0.0,0.0,0.0,0.0,0.0,0.0,0.0,0.0,0.0,kotter
U05QJRZNQHH,Corner Kick,146,2025-10-08,2024-10-08,13.0,12.0,11.0,12.0,10.0,13.0,15.0,12.0,10.0,12.0,11.0,14.0,1.0,active
U03KV19V5JS,Cowbell,94,2025-09-27,2024-10-26,5.0,10.0,12.0,7.0,11.0,10.0,4.0,4.0,4.0,9.0,12.0,6.0,0.0,active
U07HBEN5Q1F,Crop Duster,1,2025-04-15,2025-04-15,0.0,0.0,0.0,0.0,0.0,1.0,0.0,0.0,0.0,0.0,0.0,0.0,0.0,kotter
U07KJ611K99,CrowdStrike,4,2024-10-17,2024-10-08,0.0,0.0,0.0,0.0,0.0,0.0,0.0,0.0,0.0,0.0,0.0,3.0,1.0,nonkotter
U08PAQ625N1,Cummins (F3 CHAMINWOOD),2,2025-06-17,2025-05-10,0.0,0.0,0.0,1.0,1.0,0.0,0.0,0.0,0.0,0.0,0.0,0.0,0.0,kotter
U05LL7ESE79,Cutler,274,2025-10-08,2024-10-08,22.0,22.0,26.0,22.0,23.0,20.0,16.0,20.0,25.0,25.0,23.0,29.0,1.0,active
U01AWRVCR0X,Cyclone,1,2025-04-24,2025-04-24,0.0,0.0,0.0,0.0,0.0,1.0,0.0,0.0,0.0,0.0,0.0,0.0,0.0,kotter
U05TMKXAK96,D-Bag,1,2024-11-21,2024-11-21,0.0,0.0,0.0,0.0,0.0,0.0,0.0,0.0,0.0,0.0,1.0,0.0,0.0,nonkotter
U07TPCBKEEA,Daisy Dukes,2,2024-11-18,2024-11-04,0.0,0.0,0.0,0.0,0.0,0.0,0.0,0.0,0.0,0.0,1.0,1.0,0.0,nonkotter
U0756DDD08K,Dan-D-LION,23,2025-08-20,2024-10-09,0.0,1.0,1.0,0.0,2.0,5.0,1.0,1.0,0.0,2.0,5.0,5.0,0.0,kotter
U058F8J3PNK,Danica,46,2025-09-10,2024-10-24,1.0,0.0,0.0,8.0,10.0,7.0,1.0,0.0,1.0,0.0,10.0,8.0,0.0,active
U02A96W697X,Dauber,264,2025-10-08,2024-10-08,23.0,26.0,14.0,21.0,24.0,21.0,22.0,23.0,23.0,20.0,23.0,23.0,1.0,active
U07CHFY2XTM,Dead Air (Naperville),4,2025-08-20,2025-02-05,0.0,1.0,0.0,0.0,2.0,0.0,0.0,0.0,1.0,0.0,0.0,0.0,0.0,kotter
U07E4DK9JNR,DEADBOLT,9,2025-06-27,2024-10-09,0.0,0.0,0.0,4.0,0.0,0.0,0.0,0.0,0.0,0.0,0.0,5.0,0.0,kotter
U02NST5BMKJ,Dear Abby,187,2025-10-03,2024-10-08,13.0,20.0,14.0,13.0,21.0,13.0,12.0,14.0,17.0,17.0,14.0,18.0,1.0,active
U04627XKESX,Deflated,1,2024-10-09,2024-10-09,0.0,0.0,0.0,0.0,0.0,0.0,0.0,0.0,0.0,0.0,0.0,1.0,0.0,nonkotter
U057QBF3TPW,Deja vu,22,2025-09-25,2024-11-13,2.0,1.0,2.0,3.0,2.0,0.0,1.0,0.0,1.0,3.0,7.0,0.0,0.0,active
U074T16JBDX,Deliverance,102,2025-10-07,2024-10-08,8.0,6.0,6.0,7.0,7.0,8.0,8.0,4.0,3.0,6.0,17.0,21.0,1.0,active
U016TRPRHKL,Den Mother,100,2025-10-01,2024-10-16,6.0,6.0,9.0,7.0,12.0,12.0,8.0,6.0,10.0,11.0,5.0,8.0,0.0,active
U051330RY2J,Depends (3rdF Q),213,2025-10-07,2024-10-10,15.0,19.0,13.0,16.0,21.0,19.0,18.0,14.0,20.0,15.0,25.0,18.0,0.0,active
U053LEBRMM4,Derailed,82,2025-10-08,2024-10-14,11.0,8.0,2.0,5.0,7.0,9.0,8.0,3.0,5.0,2.0,9.0,13.0,0.0,active
U06DNF8P3MM,Dial Tone (F3 YOMAMA),2,2025-05-15,2025-05-13,0.0,0.0,0.0,0.0,2.0,0.0,0.0,0.0,0.0,0.0,0.0,0.0,0.0,kotter
U040R8S1N6P,Dilbert,208,2025-10-08,2024-10-08,18.0,18.0,18.0,13.0,18.0,18.0,19.0,15.0,14.0,14.0,22.0,20.0,1.0,active
U016V6KHM36,Dilly Dilly,173,2025-10-08,2024-10-08,17.0,17.0,19.0,8.0,22.0,6.0,8.0,10.0,12.0,15.0,16.0,21.0,2.0,active
U089EFZJVEE,Dingo (F3 Naperville),1,2025-05-15,2025-05-15,0.0,0.0,0.0,0.0,1.0,0.0,0.0,0.0,0.0,0.0,0.0,0.0,0.0,kotter
U07U7V9RNUF,Dirty Underwear,1,2024-11-02,2024-11-02,0.0,0.0,0.0,0.0,0.0,0.0,0.0,0.0,0.0,0.0,0.0,1.0,0.0,nonkotter
U017G15HA92,DJ Sump Pump,3,2025-02-12,2024-10-15,0.0,0.0,0.0,0.0,0.0,0.0,0.0,1.0,1.0,0.0,0.0,1.0,0.0,nonkotter
U02AEK4889M,Doc Brown,2,2024-11-15,2024-11-07,0.0,0.0,0.0,0.0,0.0,0.0,0.0,0.0,0.0,0.0,1.0,1.0,0.0,nonkotter
U064F9H5MAR,Dog House,24,2025-06-27,2024-10-30,0.0,0.0,0.0,3.0,2.0,0.0,0.0,1.0,1.0,2.0,11.0,4.0,0.0,kotter
U06H2CMCG4S,Dolph,1,2025-08-02,2025-08-02,0.0,0.0,1.0,0.0,0.0,0.0,0.0,0.0,0.0,0.0,0.0,0.0,0.0,kotter
U07GDQCLB0T,Don Quixote,1,2025-03-22,2025-03-22,0.0,0.0,0.0,0.0,0.0,0.0,1.0,0.0,0.0,0.0,0.0,0.0,0.0,nonkotter
U08A14E4P44,Donatello (F3 Naperville),3,2025-07-01,2025-05-13,0.0,0.0,0.0,1.0,2.0,0.0,0.0,0.0,0.0,0.0,0.0,0.0,0.0,kotter
U06J1AAJ3HD,Doogie Howser,2,2024-12-02,2024-11-02,0.0,0.0,0.0,0.0,0.0,0.0,0.0,0.0,0.0,0.0,1.0,1.0,0.0,nonkotter
U07UH35HBQQ,Door Ding,1,2024-11-02,2024-11-02,0.0,0.0,0.0,0.0,0.0,0.0,0.0,0.0,0.0,0.0,0.0,1.0,0.0,nonkotter
U072HDGJSBG,Doozie,47,2025-10-07,2024-11-07,8.0,3.0,6.0,12.0,6.0,2.0,4.0,1.0,2.0,0.0,2.0,1.0,0.0,active
U07VD3BSH8V,Double Dutch,5,2025-02-01,2024-11-14,0.0,0.0,0.0,0.0,0.0,0.0,0.0,0.0,1.0,2.0,2.0,0.0,0.0,nonkotter
U07DTG7DY07,Dr. Feelgood,43,2025-08-22,2025-03-28,0.0,1.0,2.0,13.0,12.0,12.0,3.0,0.0,0.0,0.0,0.0,0.0,0.0,kotter
U07BUCET1R9,Dr. Loco,14,2025-05-31,2024-10-09,0.0,0.0,0.0,0.0,6.0,1.0,0.0,0.0,0.0,0.0,3.0,4.0,0.0,kotter
U07T5DL3VHA,Drive By,35,2025-10-07,2024-10-22,5.0,3.0,2.0,5.0,5.0,3.0,2.0,1.0,2.0,0.0,5.0,2.0,0.0,active
U06K8PKQGA1,Duck Hunt,146,2025-10-08,2025-01-09,15.0,25.0,20.0,19.0,15.0,23.0,18.0,7.0,4.0,0.0,0.0,0.0,0.0,active
U05JJL0JE77,Duff Man,8,2024-12-11,2024-10-16,0.0,0.0,0.0,0.0,0.0,0.0,0.0,0.0,0.0,1.0,2.0,5.0,0.0,nonkotter
U02NBKHN3NK,Dungeon Master,20,2025-08-22,2025-05-26,0.0,4.0,9.0,5.0,2.0,0.0,0.0,0.0,0.0,0.0,0.0,0.0,0.0,kotter
U0603QP17QE,Ecto Cooler,110,2025-07-26,2024-10-08,0.0,0.0,2.0,2.0,8.0,13.0,6.0,11.0,14.0,13.0,22.0,18.0,1.0,kotter
U05CT4M9CEN,El Guapo,6,2025-08-02,2024-10-30,0.0,0.0,1.0,1.0,1.0,0.0,0.0,0.0,2.0,0.0,0.0,1.0,0.0,kotter
U0950RW8JHX,Eliot Ness,6,2025-07-17,2025-07-08,0.0,0.0,5.0,1.0,0.0,0.0,0.0,0.0,0.0,0.0,0.0,0.0,0.0,kotter
U08EEQUUKSN,Elsa,2,2025-09-11,2025-04-30,1.0,0.0,0.0,0.0,0.0,1.0,0.0,0.0,0.0,0.0,0.0,0.0,0.0,active
U017G126ESY,Elway F3 Naperville,14,2025-08-22,2024-10-08,0.0,3.0,1.0,0.0,3.0,1.0,1.0,2.0,1.0,0.0,0.0,1.0,1.0,kotter
U08TZFDG1PE,Eveready,1,2025-08-20,2025-08-20,0.0,1.0,0.0,0.0,0.0,0.0,0.0,0.0,0.0,0.0,0.0,0.0,0.0,kotter
U0171K8109F,F3CrossroadsIL,1,2025-05-23,2025-05-23,0.0,0.0,0.0,0.0,1.0,0.0,0.0,0.0,0.0,0.0,0.0,0.0,0.0,kotter
U017LMBBP1S,Fargo (Naperville),14,2025-09-25,2024-10-09,1.0,1.0,1.0,0.0,1.0,1.0,2.0,1.0,3.0,1.0,0.0,2.0,0.0,active
U04Q1H1MQKF,Farmers Only,1,2024-11-02,2024-11-02,0.0,0.0,0.0,0.0,0.0,0.0,0.0,0.0,0.0,0.0,0.0,1.0,0.0,nonkotter
U097B8S352S,Ferkus,3,2025-09-16,2025-07-24,1.0,0.0,2.0,0.0,0.0,0.0,0.0,0.0,0.0,0.0,0.0,0.0,0.0,active
U08C28HK3KN,Feta,17,2025-04-09,2025-02-06,0.0,0.0,0.0,0.0,0.0,1.0,5.0,8.0,3.0,0.0,0.0,0.0,0.0,kotter
U04M8MS2WHJ,FINCH,25,2025-09-18,2024-10-08,2.0,1.0,2.0,0.0,3.0,5.0,2.0,4.0,1.0,0.0,3.0,1.0,1.0,active
U03TYQYKERF,Fire Hose,11,2025-05-24,2024-10-19,0.0,0.0,0.0,0.0,1.0,1.0,0.0,1.0,1.0,1.0,4.0,2.0,0.0,kotter
U01C4AULU5B,Fish Sticks (F3),8,2025-04-15,2024-11-20,0.0,0.0,0.0,0.0,0.0,2.0,0.0,0.0,0.0,0.0,6.0,0.0,0.0,kotter
U08QBC4F5C3,Fish Tape,65,2025-10-08,2025-04-29,10.0,11.0,14.0,13.0,11.0,6.0,0.0,0.0,0.0,0.0,0.0,0.0,0.0,active
U070SG6LRAS,Flanders,4,2025-08-02,2024-11-02,0.0,0.0,1.0,0.0,1.0,0.0,0.0,0.0,0.0,0.0,1.0,1.0,0.0,kotter
U08TQLR00LQ,Flatliner,1,2025-07-02,2025-07-02,0.0,0.0,0.0,1.0,0.0,0.0,0.0,0.0,0.0,0.0,0.0,0.0,0.0,kotter
U03U8N4P5G8,Flo,160,2025-10-08,2024-10-08,14.0,13.0,17.0,11.0,10.0,19.0,14.0,10.0,12.0,12.0,8.0,19.0,1.0,active
U09699HEA4E,FLYER,3,2025-07-29,2025-07-15,0.0,0.0,3.0,0.0,0.0,0.0,0.0,0.0,0.0,0.0,0.0,0.0,0.0,kotter
U070NTWF7G8,Foghorn,143,2025-10-08,2024-10-22,10.0,12.0,15.0,17.0,10.0,12.0,13.0,12.0,10.0,7.0,17.0,8.0,0.0,active
U06J46ZTPEZ,Folgers,38,2025-10-04,2024-10-12,4.0,4.0,2.0,4.0,4.0,3.0,3.0,1.0,2.0,3.0,3.0,5.0,0.0,active
U03TX17L7AQ,Foreclosure,166,2025-10-07,2024-10-08,18.0,14.0,13.0,13.0,18.0,13.0,12.0,12.0,15.0,14.0,8.0,15.0,1.0,active
U05V7JV7C2X,Fortran,2,2025-01-25,2025-01-18,0.0,0.0,0.0,0.0,0.0,0.0,0.0,0.0,2.0,0.0,0.0,0.0,0.0,nonkotter
U019Y7P6XPF,Foundation,119,2025-10-08,2024-10-10,13.0,12.0,13.0,14.0,13.0,6.0,14.0,11.0,8.0,1.0,6.0,8.0,0.0,active
U08MHTVAVTN,Frank the Tank,5,2025-05-28,2025-04-09,0.0,0.0,0.0,0.0,2.0,3.0,0.0,0.0,0.0,0.0,0.0,0.0,0.0,kotter
U097T71J18R,Freaky fast,3,2025-07-31,2025-07-22,0.0,0.0,3.0,0.0,0.0,0.0,0.0,0.0,0.0,0.0,0.0,0.0,0.0,kotter
U019QRLHE3H,Free Smells,4,2024-12-28,2024-10-26,0.0,0.0,0.0,0.0,0.0,0.0,0.0,0.0,0.0,1.0,1.0,2.0,0.0,nonkotter
U03TL1GG31B,Freon,7,2025-05-13,2024-10-24,0.0,0.0,0.0,0.0,1.0,1.0,0.0,0.0,0.0,0.0,3.0,2.0,0.0,kotter
U08RHRMD43C,Frogger,12,2025-07-08,2025-05-07,0.0,0.0,0.0,3.0,8.0,1.0,0.0,0.0,0.0,0.0,0.0,0.0,0.0,kotter
U07H6LVJHKK,Frontier,22,2025-05-20,2024-11-05,0.0,0.0,0.0,0.0,1.0,4.0,4.0,3.0,1.0,2.0,6.0,1.0,0.0,kotter
U041R4GK79V,fuzzy navel,54,2025-10-04,2024-10-19,4.0,6.0,6.0,7.0,5.0,4.0,4.0,3.0,4.0,4.0,4.0,3.0,0.0,active
U08S4HERNBZ,Gamecock (F3 Naperville),1,2025-05-15,2025-05-15,0.0,0.0,0.0,0.0,1.0,0.0,0.0,0.0,0.0,0.0,0.0,0.0,0.0,kotter
U09D1TLFDK3,Garbage picker,1,2025-08-29,2025-08-29,0.0,1.0,0.0,0.0,0.0,0.0,0.0,0.0,0.0,0.0,0.0,0.0,0.0,kotter
U05993CSLRY,"Geek Squad (Hilton Head, SC)",4,2025-03-28,2025-03-24,0.0,0.0,0.0,0.0,0.0,0.0,4.0,0.0,0.0,0.0,0.0,0.0,0.0,nonkotter
U08BZQQGV9V,Gilligan,1,2025-02-08,2025-02-08,0.0,0.0,0.0,0.0,0.0,0.0,0.0,0.0,1.0,0.0,0.0,0.0,0.0,nonkotter
U07EJ6173S6,Ginga,27,2025-10-03,2025-04-04,6.0,7.0,0.0,5.0,3.0,4.0,2.0,0.0,0.0,0.0,0.0,0.0,0.0,active
U03HM57HSKG,Gisele -,46,2025-09-12,2024-10-08,1.0,0.0,0.0,5.0,10.0,4.0,0.0,1.0,3.0,6.0,6.0,9.0,1.0,active
U0756H95Q9G,Glass Jo,4,2024-10-30,2024-10-09,0.0,0.0,0.0,0.0,0.0,0.0,0.0,0.0,0.0,0.0,0.0,4.0,0.0,nonkotter
U08TBP91GBZ,Go Daddy,13,2025-09-06,2025-05-23,0.0,5.0,1.0,2.0,5.0,0.0,0.0,0.0,0.0,0.0,0.0,0.0,0.0,kotter
U03TX180CCU,Go fish,5,2025-02-01,2024-11-09,0.0,0.0,0.0,0.0,0.0,0.0,0.0,0.0,2.0,2.0,1.0,0.0,0.0,nonkotter
U0871EV86SG,Gold Bond,3,2025-09-11,2025-01-01,1.0,0.0,0.0,0.0,0.0,0.0,0.0,0.0,1.0,1.0,0.0,0.0,0.0,active
U04RS91KM46,Goody Two Shoes,1,2025-09-02,2025-09-02,0.0,1.0,0.0,0.0,0.0,0.0,0.0,0.0,0.0,0.0,0.0,0.0,0.0,kotter
U02ULN88CJK,Goose,1,2025-05-26,2025-05-26,0.0,0.0,0.0,0.0,1.0,0.0,0.0,0.0,0.0,0.0,0.0,0.0,0.0,kotter
U017Q6TF0TB,Gopher,56,2025-09-08,2024-10-21,0.0,1.0,2.0,0.0,8.0,5.0,1.0,5.0,8.0,8.0,11.0,7.0,0.0,kotter
U07ENSE9S1X,Great Clips,78,2025-09-26,2024-10-09,2.0,11.0,8.0,4.0,4.0,6.0,7.0,3.0,1.0,4.0,9.0,19.0,0.0,active
U08S7T6KZK4,Greatest Showman (F3 Naperville),2,2025-05-14,2025-05-13,0.0,0.0,0.0,0.0,2.0,0.0,0.0,0.0,0.0,0.0,0.0,0.0,0.0,kotter
U09JUFJTXD3,Grinch,1,2025-10-06,2025-10-06,1.0,0.0,0.0,0.0,0.0,0.0,0.0,0.0,0.0,0.0,0.0,0.0,0.0,active
U08HDSELH6Y,Groucho,4,2025-05-22,2025-03-11,0.0,0.0,0.0,0.0,1.0,1.0,2.0,0.0,0.0,0.0,0.0,0.0,0.0,kotter
U08QA095FGW,Ground Control,2,2025-05-08,2025-05-01,0.0,0.0,0.0,0.0,0.0,2.0,0.0,0.0,0.0,0.0,0.0,0.0,0.0,kotter
U058T072X6G,GrubX (CMW),14,2025-10-03,2024-10-24,1.0,0.0,0.0,4.0,1.0,2.0,0.0,0.0,2.0,1.0,1.0,2.0,0.0,active
U0186PNUG3T,Hackman,161,2025-10-08,2024-10-08,10.0,18.0,19.0,11.0,17.0,15.0,17.0,12.0,8.0,12.0,6.0,15.0,1.0,active
U087PCTL29Y,Ham,1,2025-05-15,2025-05-15,0.0,0.0,0.0,0.0,1.0,0.0,0.0,0.0,0.0,0.0,0.0,0.0,0.0,kotter
U017E4NMFQV,Hanger,142,2025-10-08,2024-10-08,6.0,11.0,12.0,16.0,10.0,11.0,11.0,11.0,11.0,13.0,19.0,10.0,1.0,active
U06A1RN2DQF,Hank Hill,326,2025-10-08,2024-10-08,17.0,26.0,33.0,24.0,17.0,30.0,30.0,30.0,31.0,29.0,28.0,29.0,2.0,active
U016M1Z8NLE,Happy Camper,187,2025-10-07,2024-10-08,10.0,8.0,14.0,14.0,16.0,13.0,16.0,14.0,20.0,23.0,20.0,18.0,1.0,active
U073D5MRD4Z,Hat Trick,150,2025-10-07,2024-10-08,16.0,17.0,15.0,10.0,12.0,8.0,13.0,6.0,11.0,12.0,11.0,18.0,1.0,active
U058SP7GRJ6,Hatchet (Lizard Q),92,2025-10-07,2024-10-08,5.0,11.0,8.0,11.0,8.0,12.0,6.0,3.0,7.0,6.0,6.0,8.0,1.0,active
U06B3NS9W21,Headband,4,2025-01-10,2024-10-11,0.0,0.0,0.0,0.0,0.0,0.0,0.0,0.0,1.0,1.0,0.0,2.0,0.0,nonkotter
U01KXPKDF97,Heifer,7,2024-12-03,2024-11-20,0.0,0.0,0.0,0.0,0.0,0.0,0.0,0.0,0.0,0.0,7.0,0.0,0.0,nonkotter
U081S4SDQEB,HGTV,24,2025-10-04,2024-12-07,4.0,3.0,0.0,1.0,3.0,4.0,1.0,2.0,3.0,2.0,1.0,0.0,0.0,active
U05EH5DFTCK,HHGregg,1,2025-05-15,2025-05-15,0.0,0.0,0.0,0.0,1.0,0.0,0.0,0.0,0.0,0.0,0.0,0.0,0.0,kotter
U08HHCWGB1A,Hocus Pocus,3,2025-05-08,2025-03-11,0.0,0.0,0.0,0.0,0.0,1.0,2.0,0.0,0.0,0.0,0.0,0.0,0.0,kotter
U080FGLKUH5,Hodl,183,2025-10-08,2024-11-14,14.0,16.0,11.0,20.0,22.0,15.0,13.0,17.0,23.0,14.0,18.0,0.0,0.0,active
U080GEYLY4W,Home Alone,1,2024-11-13,2024-11-13,0.0,0.0,0.0,0.0,0.0,0.0,0.0,0.0,0.0,0.0,1.0,0.0,0.0,nonkotter
U03T43SBJNA,Homer Simpson,52,2025-10-03,2024-10-08,5.0,6.0,6.0,5.0,4.0,2.0,3.0,2.0,6.0,2.0,7.0,3.0,1.0,active
U05C07FDB2L,Horse-n-Buggy,8,2025-05-15,2024-11-19,0.0,0.0,0.0,0.0,1.0,0.0,1.0,2.0,2.0,1.0,1.0,0.0,0.0,kotter
U041MRSFHTN,Horseshoe,7,2025-07-10,2024-10-08,0.0,0.0,1.0,2.0,0.0,0.0,0.0,0.0,0.0,0.0,0.0,3.0,1.0,kotter
U01Q04FM95G,Hot Boxx,18,2025-10-04,2024-11-02,1.0,0.0,2.0,0.0,0.0,2.0,5.0,2.0,0.0,1.0,2.0,3.0,0.0,active
U04RQB0TXFS,Hot Lava,73,2025-10-03,2024-10-08,5.0,4.0,6.0,4.0,4.0,5.0,4.0,4.0,3.0,4.0,22.0,7.0,1.0,active
U07Q383MKCP,Huffy,8,2024-11-29,2024-11-02,0.0,0.0,0.0,0.0,0.0,0.0,0.0,0.0,0.0,0.0,7.0,1.0,0.0,nonkotter
U0654SUAQRL,Huggies,3,2024-11-09,2024-11-05,0.0,0.0,0.0,0.0,0.0,0.0,0.0,0.0,0.0,0.0,2.0,1.0,0.0,nonkotter
U065CRU0K0E,HVAC,2,2024-11-06,2024-10-30,0.0,0.0,0.0,0.0,0.0,0.0,0.0,0.0,0.0,0.0,0.0,2.0,0.0,nonkotter
U07CY9BC4UV,Hydrant,28,2025-10-02,2024-10-11,3.0,4.0,3.0,5.0,2.0,3.0,0.0,0.0,1.0,0.0,2.0,5.0,0.0,active
U08BPTVAFPB,ICY HOT,2,2025-03-08,2025-03-01,0.0,0.0,0.0,0.0,0.0,0.0,0.0,2.0,0.0,0.0,0.0,0.0,0.0,nonkotter
U05GFSH6BC2,Ink Jet,42,2025-09-26,2024-10-15,2.0,2.0,7.0,4.0,2.0,2.0,1.0,0.0,2.0,4.0,7.0,9.0,0.0,active
U095K6T98P9,Intern,15,2025-10-07,2025-07-15,3.0,2.0,10.0,0.0,0.0,0.0,0.0,0.0,0.0,0.0,0.0,0.0,0.0,active
U09AH747KEF,Italian Ice,12,2025-10-04,2025-08-16,5.0,7.0,0.0,0.0,0.0,0.0,0.0,0.0,0.0,0.0,0.0,0.0,0.0,active
U08R2U2F3UN,Janet Jackson,5,2025-06-04,2025-05-07,0.0,0.0,0.0,0.0,4.0,1.0,0.0,0.0,0.0,0.0,0.0,0.0,0.0,kotter
U019MT194E7,Jellystone,143,2025-10-08,2024-10-11,4.0,12.0,22.0,3.0,15.0,20.0,14.0,10.0,11.0,10.0,11.0,11.0,0.0,active
U07984MQLU9,Jenn-ay,1,2025-04-16,2025-04-16,0.0,0.0,0.0,0.0,0.0,1.0,0.0,0.0,0.0,0.0,0.0,0.0,0.0,kotter
U0995NWAK47,Jheri curl,4,2025-08-15,2025-08-08,0.0,3.0,1.0,0.0,0.0,0.0,0.0,0.0,0.0,0.0,0.0,0.0,0.0,kotter
U016W30QL1G,Joe Dirt,2,2025-07-15,2025-07-10,0.0,0.0,2.0,0.0,0.0,0.0,0.0,0.0,0.0,0.0,0.0,0.0,0.0,kotter
U017BQTUL3D,John Denver,72,2025-09-29,2024-10-14,5.0,5.0,4.0,7.0,3.0,8.0,8.0,8.0,7.0,6.0,4.0,7.0,0.0,active
U02F6ND56VB,Jordache,8,2025-10-03,2024-12-20,2.0,1.0,1.0,0.0,0.0,1.0,0.0,0.0,2.0,1.0,0.0,0.0,0.0,active
U04H3PWJN5A,Juanita,196,2025-10-08,2024-10-09,13.0,16.0,19.0,22.0,19.0,18.0,13.0,14.0,9.0,12.0,21.0,20.0,0.0,active
U01D5VDA0BT,Judge Smails,1,2024-10-15,2024-10-15,0.0,0.0,0.0,0.0,0.0,0.0,0.0,0.0,0.0,0.0,0.0,1.0,0.0,nonkotter
U07FW4U2TJS,Junk Mail,1,2024-10-09,2024-10-09,0.0,0.0,0.0,0.0,0.0,0.0,0.0,0.0,0.0,0.0,0.0,1.0,0.0,nonkotter
U07KLPGENJ0,Just Dance,139,2025-10-08,2024-10-08,13.0,11.0,7.0,15.0,14.0,12.0,8.0,5.0,8.0,7.0,17.0,21.0,1.0,active
U07U4L7F1M2,K-Mart,1,2024-10-29,2024-10-29,0.0,0.0,0.0,0.0,0.0,0.0,0.0,0.0,0.0,0.0,0.0,1.0,0.0,nonkotter
U07Q85LETFD,KennyRogers,3,2024-10-10,2024-10-08,0.0,0.0,0.0,0.0,0.0,0.0,0.0,0.0,0.0,0.0,0.0,2.0,1.0,nonkotter
U0929V6HD5H,Kickflip,9,2025-08-27,2025-06-24,0.0,2.0,3.0,4.0,0.0,0.0,0.0,0.0,0.0,0.0,0.0,0.0,0.0,kotter
U095MNVG2R5,Kidney Beans,26,2025-10-08,2025-07-16,10.0,9.0,7.0,0.0,0.0,0.0,0.0,0.0,0.0,0.0,0.0,0.0,0.0,active
U090GAA7QE6,Laces Out,14,2025-10-04,2025-06-07,2.0,5.0,2.0,4.0,1.0,0.0,0.0,0.0,0.0,0.0,0.0,0.0,0.0,active
U05B1QGF9L0,Laimbeer (Naperville),3,2025-09-11,2024-11-02,1.0,0.0,0.0,0.0,0.0,0.0,0.0,0.0,0.0,0.0,0.0,2.0,0.0,active
U07KLPFH1L4,Landis,3,2024-12-27,2024-10-18,0.0,0.0,0.0,0.0,0.0,0.0,0.0,0.0,0.0,1.0,1.0,1.0,0.0,nonkotter
U07UKT9J213,Large Marge,33,2025-10-04,2024-11-09,4.0,2.0,2.0,0.0,2.0,3.0,3.0,3.0,4.0,6.0,4.0,0.0,0.0,active
U05A6AHMPT5,LaRussa,11,2024-12-28,2024-11-02,0.0,0.0,0.0,0.0,0.0,0.0,0.0,0.0,0.0,1.0,7.0,3.0,0.0,nonkotter
U050YTG6YJC,Latte,8,2025-08-12,2024-10-30,0.0,1.0,0.0,1.0,1.0,0.0,1.0,0.0,0.0,0.0,1.0,3.0,0.0,kotter
U098XEDSKJN,Liberty Biberty,13,2025-10-08,2025-08-05,6.0,5.0,2.0,0.0,0.0,0.0,0.0,0.0,0.0,0.0,0.0,0.0,0.0,active
U04GBS9SWFL,Lobstah bisque,2,2025-06-05,2025-06-03,0.0,0.0,0.0,0.0,2.0,0.0,0.0,0.0,0.0,0.0,0.0,0.0,0.0,kotter
U094XL0JTK3,Lot lizard,8,2025-10-03,2025-08-02,1.0,6.0,1.0,0.0,0.0,0.0,0.0,0.0,0.0,0.0,0.0,0.0,0.0,active
U08DV7XET0R,Lucky,6,2025-03-01,2025-02-15,0.0,0.0,0.0,0.0,0.0,0.0,0.0,6.0,0.0,0.0,0.0,0.0,0.0,nonkotter
U092X8D6GBB,MacGruber - F3 Southsid3,2,2025-06-24,2025-06-23,0.0,0.0,0.0,2.0,0.0,0.0,0.0,0.0,0.0,0.0,0.0,0.0,0.0,kotter
U0841EC1PA9,Maersk,1,2024-12-07,2024-12-07,0.0,0.0,0.0,0.0,0.0,0.0,0.0,0.0,0.0,0.0,1.0,0.0,0.0,nonkotter
U06H3QB4KMY,Mahomes,148,2025-10-07,2024-10-08,12.0,18.0,18.0,15.0,16.0,13.0,8.0,2.0,7.0,10.0,14.0,14.0,1.0,active
U088LALR4FL,MallWalker,1,2025-01-15,2025-01-15,0.0,0.0,0.0,0.0,0.0,0.0,0.0,0.0,1.0,0.0,0.0,0.0,0.0,nonkotter
U04U8EGCQS1,Manhole,78,2025-10-07,2024-10-08,5.0,5.0,11.0,10.0,5.0,7.0,6.0,5.0,6.0,4.0,6.0,7.0,1.0,active
U03FQ2U8UJK,Mapquest,94,2025-10-08,2024-10-15,7.0,6.0,10.0,8.0,9.0,9.0,9.0,7.0,8.0,6.0,7.0,8.0,0.0,active
U0803E8DB7X,Mario Kart,1,2024-11-16,2024-11-16,0.0,0.0,0.0,0.0,0.0,0.0,0.0,0.0,0.0,0.0,1.0,0.0,0.0,nonkotter
U093QHS5CV6,Martha Stewart,8,2025-09-04,2025-06-26,0.0,5.0,1.0,2.0,0.0,0.0,0.0,0.0,0.0,0.0,0.0,0.0,0.0,kotter
U03SX99V3PU,Meta,253,2025-10-08,2024-10-08,22.0,20.0,26.0,29.0,28.0,16.0,20.0,18.0,23.0,11.0,17.0,22.0,1.0,active
U075CELEZJT,Miata,2,2025-05-10,2024-11-02,0.0,0.0,0.0,0.0,1.0,0.0,0.0,0.0,0.0,0.0,0.0,1.0,0.0,kotter
U05AB2HGHAN,Miley,46,2025-03-27,2024-10-09,0.0,0.0,0.0,0.0,0.0,0.0,3.0,3.0,5.0,6.0,16.0,13.0,0.0,nonkotter
U03H797905V,Millville,9,2025-08-02,2024-11-02,0.0,0.0,1.0,4.0,1.0,0.0,1.0,0.0,0.0,0.0,0.0,2.0,0.0,kotter
U07UZEQFP9P,Milton Bradley,1,2024-11-02,2024-11-02,0.0,0.0,0.0,0.0,0.0,0.0,0.0,0.0,0.0,0.0,0.0,1.0,0.0,nonkotter
U08S4A2PB7Y,Misdemeanor,1,2025-05-14,2025-05-14,0.0,0.0,0.0,0.0,1.0,0.0,0.0,0.0,0.0,0.0,0.0,0.0,0.0,kotter
U08SLH781MF,Mista Mista,2,2025-05-15,2025-05-13,0.0,0.0,0.0,0.0,2.0,0.0,0.0,0.0,0.0,0.0,0.0,0.0,0.0,kotter
U07LY4K586M,Moist,123,2025-10-03,2024-10-08,10.0,13.0,11.0,10.0,15.0,11.0,6.0,5.0,5.0,6.0,13.0,17.0,1.0,active
U01APFBACP8,Morticia,148,2025-10-07,2024-10-08,12.0,14.0,11.0,11.0,14.0,12.0,11.0,8.0,12.0,7.0,18.0,17.0,1.0,active
U07G74Y71QW,Mr Beaker,20,2025-05-13,2024-10-08,0.0,0.0,0.0,0.0,1.0,2.0,0.0,1.0,1.0,5.0,4.0,5.0,1.0,kotter
U07UCTA492S,Mr Burns,4,2025-02-08,2024-11-02,0.0,0.0,0.0,0.0,0.0,0.0,0.0,0.0,1.0,0.0,2.0,1.0,0.0,nonkotter
U08LV1V58P8,Mr Wonderful,2,2025-04-11,2025-04-07,0.0,0.0,0.0,0.0,0.0,1.0,1.0,0.0,0.0,0.0,0.0,0.0,0.0,kotter
U020A7W78FQ,Mr. Belding,181,2025-10-08,2024-10-09,16.0,15.0,11.0,18.0,15.0,14.0,15.0,15.0,13.0,14.0,17.0,18.0,0.0,active
U05ULCL3806,Mr. Kotter,136,2025-10-08,2024-10-16,11.0,14.0,9.0,10.0,7.0,7.0,3.0,4.0,11.0,26.0,20.0,14.0,0.0,active
U07DX2F4YAY,My Pleasure,10,2025-03-12,2024-10-09,0.0,0.0,0.0,0.0,0.0,0.0,1.0,2.0,0.0,1.0,2.0,4.0,0.0,nonkotter
U056VUVJ63D,Napster,184,2025-10-08,2024-10-08,11.0,14.0,22.0,19.0,17.0,14.0,15.0,10.0,12.0,14.0,22.0,13.0,1.0,active
U092Y4J9S21,needle,3,2025-07-03,2025-06-25,0.0,0.0,0.0,3.0,0.0,0.0,0.0,0.0,0.0,0.0,0.0,0.0,0.0,kotter
U01EPB5EKNK,NeilDiamond,2,2025-07-07,2025-06-24,0.0,0.0,0.0,2.0,0.0,0.0,0.0,0.0,0.0,0.0,0.0,0.0,0.0,kotter
U07RD0ACG80,Nemo,208,2025-10-08,2024-10-08,16.0,15.0,18.0,20.0,16.0,17.0,17.0,11.0,17.0,19.0,22.0,19.0,1.0,active
U01B8FLBHKP,Nickelback,52,2025-09-24,2024-11-15,1.0,2.0,5.0,0.0,0.0,6.0,9.0,9.0,6.0,7.0,7.0,0.0,0.0,active
U09DMPT2RQC,No Pants,4,2025-09-18,2025-09-04,2.0,2.0,0.0,0.0,0.0,0.0,0.0,0.0,0.0,0.0,0.0,0.0,0.0,active
U08QQRJCDAN,NOMAD,5,2025-05-30,2025-05-03,0.0,0.0,0.0,0.0,3.0,2.0,0.0,0.0,0.0,0.0,0.0,0.0,0.0,kotter
U09BHRESDCL,Noodle,1,2025-08-21,2025-08-21,0.0,1.0,0.0,0.0,0.0,0.0,0.0,0.0,0.0,0.0,0.0,0.0,0.0,kotter
U04C9LC424U,Norm,25,2025-05-10,2024-10-24,0.0,0.0,0.0,0.0,1.0,0.0,0.0,0.0,1.0,3.0,14.0,6.0,0.0,kotter
U09BQJTUNDQ,O O O O'Reilly,2,2025-09-06,2025-08-23,0.0,2.0,0.0,0.0,0.0,0.0,0.0,0.0,0.0,0.0,0.0,0.0,0.0,kotter
U02UVGKDJA2,O'Douls,5,2025-09-17,2024-11-02,1.0,1.0,0.0,0.0,1.0,1.0,0.0,0.0,0.0,0.0,0.0,1.0,0.0,active
U04RBT6T8RJ,Old Maid,153,2025-10-08,2024-10-09,18.0,17.0,9.0,9.0,13.0,11.0,11.0,14.0,10.0,10.0,15.0,16.0,0.0,active
U04Q01BPTPE,Olive Oyl,30,2025-09-29,2024-10-10,2.0,4.0,8.0,3.0,4.0,1.0,0.0,0.0,0.0,1.0,3.0,4.0,0.0,active
U075Y87RK8W,Ollie,1,2025-05-21,2025-05-21,0.0,0.0,0.0,0.0,1.0,0.0,0.0,0.0,0.0,0.0,0.0,0.0,0.0,kotter
U07RTKD1BU4,Operation (F3 The 618),1,2024-10-14,2024-10-14,0.0,0.0,0.0,0.0,0.0,0.0,0.0,0.0,0.0,0.0,0.0,1.0,0.0,nonkotter
U08TMNF02EB,OTG aka Oscar the Grouch,1,2025-05-26,2025-05-26,0.0,0.0,0.0,0.0,1.0,0.0,0.0,0.0,0.0,0.0,0.0,0.0,0.0,kotter
U09D5VDKC85,Otto Man,10,2025-10-07,2025-09-02,9.0,1.0,0.0,0.0,0.0,0.0,0.0,0.0,0.0,0.0,0.0,0.0,0.0,active
U017Q7Q4CSD,Ozark,76,2025-09-27,2024-10-09,4.0,3.0,1.0,1.0,6.0,5.0,3.0,7.0,10.0,10.0,10.0,16.0,0.0,active
U07USK88QJ3,Paparatzi,2,2024-11-18,2024-11-11,0.0,0.0,0.0,0.0,0.0,0.0,0.0,0.0,0.0,0.0,2.0,0.0,0.0,nonkotter
U016V36QBHV,Parks and Rec (F3 Naperville),2,2024-12-26,2024-10-15,0.0,0.0,0.0,0.0,0.0,0.0,0.0,0.0,0.0,1.0,0.0,1.0,0.0,nonkotter
U0995LDSXNC,Party in a bottle,43,2025-10-07,2025-08-01,18.0,19.0,6.0,0.0,0.0,0.0,0.0,0.0,0.0,0.0,0.0,0.0,0.0,active
U09E53TV8JD,Party In A Box,1,2025-09-05,2025-09-05,0.0,1.0,0.0,0.0,0.0,0.0,0.0,0.0,0.0,0.0,0.0,0.0,0.0,kotter
U07K4D75NQ6,Patches,1,2024-10-16,2024-10-16,0.0,0.0,0.0,0.0,0.0,0.0,0.0,0.0,0.0,0.0,0.0,1.0,0.0,nonkotter
U092LRKGN2E,Pearl,35,2025-10-06,2025-06-30,10.0,8.0,15.0,2.0,0.0,0.0,0.0,0.0,0.0,0.0,0.0,0.0,0.0,active
U05UDL3EVGR,Peashooter,73,2025-10-08,2024-10-08,5.0,4.0,7.0,3.0,4.0,5.0,3.0,4.0,4.0,2.0,14.0,17.0,1.0,active
U05GG5NR7KM,Pee Wee Herman,113,2025-10-08,2024-10-09,11.0,9.0,7.0,10.0,10.0,10.0,7.0,4.0,5.0,10.0,13.0,17.0,0.0,active
U0829R3EAMD,Peek-a-boo,10,2025-08-13,2025-04-16,0.0,1.0,2.0,1.0,3.0,3.0,0.0,0.0,0.0,0.0,0.0,0.0,0.0,kotter
U05FDSP0YD7,Peterbilt,44,2025-09-24,2024-10-10,1.0,2.0,2.0,3.0,5.0,3.0,0.0,0.0,0.0,3.0,19.0,6.0,0.0,active
U08U4PQV3DJ,Phoenix,66,2025-09-18,2025-05-28,1.0,6.0,23.0,26.0,10.0,0.0,0.0,0.0,0.0,0.0,0.0,0.0,0.0,active
U017CRXMBA4,Pi 3.14 (F3 North Katy),7,2025-09-26,2024-11-29,1.0,0.0,0.0,0.0,1.0,0.0,1.0,1.0,1.0,1.0,1.0,0.0,0.0,active
U02BUJWCMBQ,Picasso,22,2025-09-11,2024-11-02,1.0,0.0,1.0,5.0,1.0,0.0,1.0,0.0,2.0,4.0,6.0,1.0,0.0,active
U07K1BV0UUX,Pink Panther,7,2025-10-03,2025-06-05,1.0,0.0,0.0,5.0,1.0,0.0,0.0,0.0,0.0,0.0,0.0,0.0,0.0,active
U031LSD0SP7,Plunger,7,2025-03-14,2024-10-11,0.0,0.0,0.0,0.0,0.0,0.0,1.0,0.0,3.0,1.0,0.0,2.0,0.0,nonkotter
U08FDCS4U3F,Pole Dancer,5,2025-05-08,2025-02-25,0.0,0.0,0.0,0.0,0.0,2.0,2.0,1.0,0.0,0.0,0.0,0.0,0.0,kotter
U075J9NN91N,Pop-Tart,29,2025-09-11,2024-10-15,1.0,3.0,7.0,4.0,5.0,5.0,0.0,0.0,0.0,2.0,0.0,2.0,0.0,active
U091A4AAZPC,Popeye,4,2025-07-12,2025-06-10,0.0,0.0,1.0,3.0,0.0,0.0,0.0,0.0,0.0,0.0,0.0,0.0,0.0,kotter
U09BKTKC15Y,Pretzel,18,2025-10-08,2025-08-22,13.0,5.0,0.0,0.0,0.0,0.0,0.0,0.0,0.0,0.0,0.0,0.0,0.0,active
U092ADB4GQH,Prime,2,2025-06-19,2025-06-17,0.0,0.0,0.0,2.0,0.0,0.0,0.0,0.0,0.0,0.0,0.0,0.0,0.0,kotter
U05JZ098926,Puddles,12,2025-08-15,2024-10-12,0.0,2.0,1.0,1.0,0.0,0.0,0.0,5.0,0.0,1.0,0.0,2.0,0.0,kotter
U02H51CJS30,Pull-up,210,2025-09-26,2024-10-08,12.0,18.0,12.0,13.0,15.0,21.0,22.0,20.0,22.0,18.0,18.0,18.0,1.0,active
U07HK471615,Purple Rain,7,2025-08-20,2024-10-14,0.0,1.0,0.0,0.0,0.0,0.0,0.0,0.0,0.0,0.0,1.0,5.0,0.0,kotter
U08RSFDHNBH,Putt Putt (F3 Naperville),1,2025-05-14,2025-05-14,0.0,0.0,0.0,0.0,1.0,0.0,0.0,0.0,0.0,0.0,0.0,0.0,0.0,kotter
U01ELRMAL7L,Quatro,103,2025-10-07,2024-10-08,9.0,4.0,1.0,3.0,13.0,9.0,11.0,9.0,10.0,11.0,12.0,10.0,1.0,active
U0558CXUZA9,Rapinoe,1,2024-11-12,2024-11-12,0.0,0.0,0.0,0.0,0.0,0.0,0.0,0.0,0.0,0.0,1.0,0.0,0.0,nonkotter
U08SKR83J6N,RAZR,4,2025-06-11,2025-05-15,0.0,0.0,0.0,1.0,3.0,0.0,0.0,0.0,0.0,0.0,0.0,0.0,0.0,kotter
U04N3DANAEA,REBAR,57,2025-08-02,2024-10-10,0.0,0.0,1.0,0.0,0.0,3.0,5.0,4.0,11.0,2.0,11.0,20.0,0.0,kotter
U07698FG143,Ricochet,105,2025-10-07,2024-10-08,7.0,5.0,7.0,8.0,5.0,8.0,2.0,8.0,9.0,11.0,18.0,16.0,1.0,active
U06TFS9Q7UL,Ricola,23,2025-08-26,2024-10-30,0.0,2.0,0.0,3.0,1.0,2.0,0.0,0.0,2.0,2.0,8.0,3.0,0.0,kotter
U073M2KRN4C,Right Said Fred (F3 Naperville),13,2025-07-01,2024-11-02,0.0,0.0,0.0,3.0,2.0,4.0,3.0,0.0,0.0,0.0,0.0,1.0,0.0,kotter
U020A3PMS14,Ringo,37,2025-10-08,2024-10-09,3.0,0.0,3.0,5.0,3.0,1.0,4.0,1.0,1.0,4.0,7.0,5.0,0.0,active
U040YRLSFNW,Rooney,10,2025-09-26,2024-11-14,1.0,1.0,1.0,1.0,1.0,0.0,0.0,0.0,1.0,0.0,4.0,0.0,0.0,active
U06UANF6FBR,Rusty Anchor,2,2024-10-31,2024-10-12,0.0,0.0,0.0,0.0,0.0,0.0,0.0,0.0,0.0,0.0,0.0,2.0,0.0,nonkotter
U03MKDH1TU6,Rx (F3-Naperville),2,2025-05-10,2025-02-08,0.0,0.0,0.0,0.0,1.0,0.0,0.0,0.0,1.0,0.0,0.0,0.0,0.0,kotter
U017QPPK1FB,s,15,2024-11-16,2024-10-10,0.0,0.0,0.0,0.0,0.0,0.0,0.0,0.0,0.0,0.0,4.0,11.0,0.0,nonkotter
U07U0NE8DJ8,Safety Meeting,17,2025-10-03,2024-10-30,5.0,0.0,0.0,0.0,0.0,0.0,0.0,0.0,0.0,2.0,2.0,8.0,0.0,active
U081JKWAR33,Sailer Moon,37,2025-09-27,2024-11-16,3.0,3.0,3.0,3.0,6.0,6.0,2.0,3.0,4.0,2.0,2.0,0.0,0.0,active
U02C3KXC6KU,Sam Walton,1,2025-08-15,2025-08-15,0.0,1.0,0.0,0.0,0.0,0.0,0.0,0.0,0.0,0.0,0.0,0.0,0.0,kotter
U091UQXBKJP,Sapsucker (F3 Naperville),9,2025-08-23,2025-06-18,0.0,5.0,2.0,2.0,0.0,0.0,0.0,0.0,0.0,0.0,0.0,0.0,0.0,kotter
U02A96WLKRB,Scat,33,2025-10-08,2024-10-31,2.0,1.0,1.0,5.0,4.0,3.0,1.0,5.0,4.0,1.0,2.0,4.0,0.0,active
U03EPDEKY4U,Schlitz,148,2025-10-04,2024-10-10,8.0,7.0,7.0,9.0,14.0,14.0,8.0,7.0,19.0,20.0,18.0,17.0,0.0,active
U05V7JWTY67,Schrute,3,2025-10-05,2024-12-14,1.0,0.0,0.0,0.0,0.0,0.0,0.0,0.0,1.0,1.0,0.0,0.0,0.0,active
U087CHQLZ7B,Scratch and Dent,139,2025-10-08,2025-01-08,19.0,15.0,21.0,16.0,21.0,15.0,14.0,9.0,8.0,1.0,0.0,0.0,0.0,active
U070JGE1EDD,Scrumbum,1,2025-05-10,2025-05-10,0.0,0.0,0.0,0.0,1.0,0.0,0.0,0.0,0.0,0.0,0.0,0.0,0.0,kotter
U08TD9DD6M6,Scuba Steve,67,2025-10-08,2025-05-16,14.0,23.0,15.0,11.0,4.0,0.0,0.0,0.0,0.0,0.0,0.0,0.0,0.0,active
U017B8D6AHH,Second Best,4,2025-06-18,2024-10-11,0.0,0.0,0.0,2.0,1.0,0.0,0.0,0.0,0.0,0.0,0.0,1.0,0.0,kotter
U02A96WC5HT,Second City,1,2025-08-04,2025-08-04,0.0,0.0,1.0,0.0,0.0,0.0,0.0,0.0,0.0,0.0,0.0,0.0,0.0,kotter
U01B8FL6TFX,Senor Frog,1,2025-09-23,2025-09-23,1.0,0.0,0.0,0.0,0.0,0.0,0.0,0.0,0.0,0.0,0.0,0.0,0.0,active
U02LGCKH24W,Sensodyne,69,2025-10-08,2024-10-09,6.0,9.0,7.0,10.0,6.0,7.0,0.0,5.0,4.0,6.0,6.0,3.0,0.0,active
U074516AUNQ,Shameless,1,2025-05-16,2025-05-16,0.0,0.0,0.0,0.0,1.0,0.0,0.0,0.0,0.0,0.0,0.0,0.0,0.0,kotter
U085PLQU2F4,Shankapotomus,3,2025-10-02,2025-09-18,3.0,0.0,0.0,0.0,0.0,0.0,0.0,0.0,0.0,0.0,0.0,0.0,0.0,active
U03KKAHVC8J,Shawshank,1,2025-06-17,2025-06-17,0.0,0.0,0.0,1.0,0.0,0.0,0.0,0.0,0.0,0.0,0.0,0.0,0.0,kotter
U033NGNJRAS,Shirley Temple,20,2025-09-11,2024-11-02,1.0,0.0,1.0,0.0,0.0,0.0,0.0,0.0,0.0,2.0,11.0,5.0,0.0,active
U054JFWN01Z,Silo,9,2025-07-12,2025-01-01,0.0,0.0,1.0,0.0,0.0,0.0,0.0,3.0,3.0,2.0,0.0,0.0,0.0,kotter
U061CBW96MA,Singer,153,2025-10-08,2024-10-08,24.0,24.0,11.0,11.0,6.0,8.0,11.0,6.0,8.0,12.0,14.0,17.0,1.0,active
U040Y3RQPNJ,Six Sheets,69,2025-07-24,2024-10-09,0.0,0.0,7.0,8.0,6.0,2.0,0.0,0.0,0.0,7.0,20.0,19.0,0.0,kotter
U073J179LHM,Sizzler,163,2025-10-07,2024-10-09,7.0,15.0,11.0,18.0,9.0,13.0,13.0,8.0,12.0,15.0,19.0,23.0,0.0,active
U017HR8U5RS,SkidMark,188,2025-10-08,2024-10-08,15.0,15.0,19.0,17.0,16.0,19.0,11.0,13.0,15.0,16.0,13.0,18.0,1.0,active
U017BQTBXQB,Skinner,17,2025-05-16,2024-10-08,0.0,0.0,0.0,0.0,3.0,4.0,0.0,1.0,3.0,0.0,1.0,4.0,1.0,kotter
U08R9BBFMRN,SkyMall,2,2025-05-15,2025-05-13,0.0,0.0,0.0,0.0,2.0,0.0,0.0,0.0,0.0,0.0,0.0,0.0,0.0,kotter
USLACKBOT,Slackbot,2,2025-06-24,2025-06-21,0.0,0.0,0.0,2.0,0.0,0.0,0.0,0.0,0.0,0.0,0.0,0.0,0.0,kotter
U09BBJ81140,Slapshot,11,2025-10-04,2025-08-15,5.0,6.0,0.0,0.0,0.0,0.0,0.0,0.0,0.0,0.0,0.0,0.0,0.0,active
U01RSG6FSNA,Slinky,4,2025-08-04,2025-07-07,0.0,0.0,3.0,1.0,0.0,0.0,0.0,0.0,0.0,0.0,0.0,0.0,0.0,kotter
U03SK13D50Q,Slip’N’Rock ( F3 Naperville ),1,2025-05-15,2025-05-15,0.0,0.0,0.0,0.0,1.0,0.0,0.0,0.0,0.0,0.0,0.0,0.0,0.0,kotter
U08TYPXLCC8,Sloppy Joe,19,2025-10-02,2025-06-10,3.0,6.0,5.0,5.0,0.0,0.0,0.0,0.0,0.0,0.0,0.0,0.0,0.0,active
U0809THN62H,Snap Crakel Pop,1,2025-02-08,2025-02-08,0.0,0.0,0.0,0.0,0.0,0.0,0.0,0.0,1.0,0.0,0.0,0.0,0.0,nonkotter
U088TLJTDFA,Snow cone,1,2025-01-10,2025-01-10,0.0,0.0,0.0,0.0,0.0,0.0,0.0,0.0,1.0,0.0,0.0,0.0,0.0,nonkotter
U017HR91AJG,SoccerMom,22,2025-09-08,2024-10-08,0.0,2.0,0.0,3.0,1.0,2.0,3.0,0.0,1.0,0.0,4.0,5.0,1.0,kotter
U02KN9HUSE6,Soft Hands,94,2025-10-07,2024-10-08,8.0,6.0,6.0,10.0,12.0,5.0,7.0,7.0,8.0,5.0,9.0,10.0,1.0,active
U01KDES2RQ9,Software,1,2024-10-15,2024-10-15,0.0,0.0,0.0,0.0,0.0,0.0,0.0,0.0,0.0,0.0,0.0,1.0,0.0,nonkotter
U077S1GTBMG,Space Invader,1,2024-11-06,2024-11-06,0.0,0.0,0.0,0.0,0.0,0.0,0.0,0.0,0.0,0.0,0.0,1.0,0.0,nonkotter
U082YDGVADA,Spackle,2,2024-12-10,2024-11-28,0.0,0.0,0.0,0.0,0.0,0.0,0.0,0.0,0.0,1.0,1.0,0.0,0.0,nonkotter
U07UZKMJ341,Spandex,1,2024-11-09,2024-11-09,0.0,0.0,0.0,0.0,0.0,0.0,0.0,0.0,0.0,0.0,1.0,0.0,0.0,nonkotter
U018098KAAC,Sparkler,211,2025-10-07,2024-10-08,18.0,20.0,17.0,16.0,19.0,15.0,20.0,18.0,14.0,20.0,16.0,17.0,1.0,active
U06GZE2D66R,Sparky,120,2025-10-07,2024-10-08,9.0,9.0,10.0,12.0,11.0,10.0,6.0,7.0,13.0,10.0,13.0,9.0,1.0,active
U07GDNBSZ0Q,Speedbag (F3 Southsid3),8,2025-09-27,2024-11-08,2.0,0.0,2.0,1.0,0.0,0.0,0.0,1.0,1.0,0.0,0.0,1.0,0.0,active
U03SUM8JU2Z,Spike Horn,33,2025-10-03,2024-10-17,3.0,2.0,1.0,6.0,2.0,2.0,5.0,1.0,5.0,1.0,2.0,3.0,0.0,active
U018377K57S,Spirit,17,2025-09-23,2024-10-08,2.0,4.0,5.0,0.0,0.0,0.0,2.0,0.0,0.0,0.0,3.0,0.0,1.0,active
U042B5WTVBN,Spirit Fingers (F3 Naperville),2,2025-03-04,2025-01-29,0.0,0.0,0.0,0.0,0.0,0.0,0.0,1.0,1.0,0.0,0.0,0.0,0.0,nonkotter
U071GSVM24B,Spit Valve,207,2025-10-08,2024-10-08,17.0,17.0,16.0,18.0,15.0,12.0,12.0,16.0,18.0,19.0,24.0,22.0,1.0,active
U09CJQ6NV6Y,Spud,3,2025-09-27,2025-08-27,1.0,2.0,0.0,0.0,0.0,0.0,0.0,0.0,0.0,0.0,0.0,0.0,0.0,active
U03ESCYKTGR,Squidward,24,2025-08-02,2024-10-11,0.0,0.0,1.0,0.0,0.0,1.0,1.0,0.0,1.0,1.0,12.0,7.0,0.0,kotter
U06CKPPM83S,Squirt,3,2025-05-22,2024-12-27,0.0,0.0,0.0,0.0,2.0,0.0,0.0,0.0,0.0,1.0,0.0,0.0,0.0,kotter
U0197M49PJ8,Squirts,5,2025-06-14,2025-05-24,0.0,0.0,0.0,1.0,4.0,0.0,0.0,0.0,0.0,0.0,0.0,0.0,0.0,kotter
U04HX959YUS,Squishy,1,2024-10-23,2024-10-23,0.0,0.0,0.0,0.0,0.0,0.0,0.0,0.0,0.0,0.0,0.0,1.0,0.0,nonkotter
U05C08EPC3S,Stay Puft (F3 Naperville),3,2025-07-10,2025-06-03,0.0,0.0,1.0,1.0,1.0,0.0,0.0,0.0,0.0,0.0,0.0,0.0,0.0,kotter
U08RRCCL823,Steamboat Willie (F3 Naperville),1,2025-05-13,2025-05-13,0.0,0.0,0.0,0.0,1.0,0.0,0.0,0.0,0.0,0.0,0.0,0.0,0.0,kotter
U09CLLZMLGP,Stitches,2,2025-09-03,2025-09-02,0.0,2.0,0.0,0.0,0.0,0.0,0.0,0.0,0.0,0.0,0.0,0.0,0.0,kotter
U01ANAL4DUL,Storm Chaser,40,2025-09-11,2024-10-19,1.0,1.0,6.0,7.0,3.0,1.0,1.0,1.0,2.0,5.0,8.0,4.0,0.0,active
U01HK72F2NP,Sun Devil (Naperville),1,2025-05-15,2025-05-15,0.0,0.0,0.0,0.0,1.0,0.0,0.0,0.0,0.0,0.0,0.0,0.0,0.0,kotter
U0708HXD58V,Supply Chain (F3N),11,2025-05-15,2024-11-02,0.0,0.0,0.0,0.0,2.0,0.0,0.0,1.0,1.0,0.0,4.0,3.0,0.0,kotter
U06J6PKRU0P,Sweet Honey (F3 Naperville),13,2025-08-06,2024-10-09,0.0,0.0,2.0,0.0,1.0,0.0,2.0,1.0,1.0,2.0,0.0,4.0,0.0,kotter
U058C88BUDD,T-Dubs (Outlands),5,2025-08-02,2025-03-20,0.0,0.0,1.0,1.0,1.0,0.0,2.0,0.0,0.0,0.0,0.0,0.0,0.0,kotter
U08PQEJMU5D,Tackleberry,3,2025-08-08,2025-04-29,0.0,0.0,1.0,0.0,0.0,2.0,0.0,0.0,0.0,0.0,0.0,0.0,0.0,kotter
U050T8PK1JT,Tailspin-F3 Naperville,1,2025-02-26,2025-02-26,0.0,0.0,0.0,0.0,0.0,0.0,0.0,1.0,0.0,0.0,0.0,0.0,0.0,nonkotter
U01ARKFCDGU,Tee Ball,1,2025-09-18,2025-09-18,1.0,0.0,0.0,0.0,0.0,0.0,0.0,0.0,0.0,0.0,0.0,0.0,0.0,active
U090MM9L0F4,Temu,9,2025-08-19,2025-06-21,0.0,2.0,5.0,2.0,0.0,0.0,0.0,0.0,0.0,0.0,0.0,0.0,0.0,kotter
U07EVQTB6R0,TESLA,25,2024-12-06,2024-10-22,0.0,0.0,0.0,0.0,0.0,0.0,0.0,0.0,0.0,0.0,17.0,8.0,0.0,nonkotter
U03TYSW2933,The Worm,76,2025-10-08,2024-10-08,8.0,5.0,9.0,6.0,1.0,7.0,4.0,6.0,9.0,8.0,5.0,7.0,1.0,active
U09EZ6NN6HH,Thesaurus,4,2025-10-03,2025-09-13,4.0,0.0,0.0,0.0,0.0,0.0,0.0,0.0,0.0,0.0,0.0,0.0,0.0,active
U035VPDD30C,Thin Mint,3,2025-05-30,2024-11-16,0.0,0.0,0.0,0.0,2.0,0.0,0.0,0.0,0.0,0.0,1.0,0.0,0.0,kotter
U07DZN6K0TZ,Tinactin (F3 Naperville),1,2025-09-11,2025-09-11,1.0,0.0,0.0,0.0,0.0,0.0,0.0,0.0,0.0,0.0,0.0,0.0,0.0,active
U06TFFEDQE7,Tinder,12,2025-05-30,2024-11-02,0.0,0.0,0.0,0.0,1.0,0.0,1.0,0.0,1.0,0.0,6.0,3.0,0.0,kotter
U0638CR70Q2,Tinfoil,44,2025-06-11,2024-11-02,0.0,0.0,0.0,2.0,9.0,4.0,0.0,0.0,0.0,1.0,22.0,6.0,0.0,kotter
U02A96XC2Q5,Toboggan,8,2025-03-12,2024-10-09,0.0,0.0,0.0,0.0,0.0,0.0,1.0,1.0,0.0,0.0,0.0,6.0,0.0,nonkotter
U0176U2L03X,Toby,18,2025-05-30,2024-10-11,0.0,0.0,0.0,0.0,1.0,3.0,0.0,4.0,0.0,0.0,3.0,7.0,0.0,kotter
U08HPL8Q7NV,Tool Time,10,2025-06-18,2025-03-19,0.0,0.0,0.0,2.0,2.0,3.0,3.0,0.0,0.0,0.0,0.0,0.0,0.0,kotter
U017DA73JQY,TPS Report,42,2025-08-23,2024-10-12,0.0,2.0,2.0,7.0,1.0,0.0,0.0,0.0,0.0,10.0,10.0,10.0,0.0,kotter
U016VPSQSFR,Trickle,45,2025-09-22,2024-10-08,2.0,4.0,1.0,1.0,2.0,2.0,4.0,3.0,4.0,8.0,4.0,9.0,1.0,active
U05H6UA0KCK,Trifecta,49,2025-09-26,2024-10-09,3.0,0.0,3.0,0.0,0.0,1.0,0.0,4.0,3.0,5.0,19.0,11.0,0.0,active
U06JY97GN9M,Tron (F3 Outlands - 1st F Q),3,2025-08-02,2024-10-21,0.0,0.0,1.0,0.0,0.0,0.0,1.0,0.0,0.0,0.0,0.0,1.0,0.0,kotter
U0536BG9AMU,TruGreen,130,2025-10-03,2024-10-09,11.0,6.0,8.0,9.0,13.0,16.0,12.0,8.0,9.0,9.0,14.0,15.0,0.0,active
U05FZ4QEFG9,Tweety,49,2025-10-01,2024-10-21,2.0,6.0,8.0,4.0,2.0,4.0,5.0,5.0,7.0,1.0,0.0,5.0,0.0,active
U05NN0QFRFW,UberEats,18,2025-03-11,2024-10-15,0.0,0.0,0.0,0.0,0.0,0.0,1.0,0.0,2.0,4.0,6.0,5.0,0.0,nonkotter
U0792KKSBS8,Ukulele,4,2025-05-13,2025-01-08,0.0,0.0,0.0,0.0,1.0,0.0,0.0,1.0,1.0,1.0,0.0,0.0,0.0,kotter
U03PZPKF9NX,Uncle Rico (Naperville),3,2025-09-11,2025-05-15,1.0,1.0,0.0,0.0,1.0,0.0,0.0,0.0,0.0,0.0,0.0,0.0,0.0,active
U019S79N1AP,Unibrow,1,2025-05-12,2025-05-12,0.0,0.0,0.0,0.0,1.0,0.0,0.0,0.0,0.0,0.0,0.0,0.0,0.0,kotter
U06CJBNGDPC,Unleashed (Outlands) Greg Moss,1,2025-03-24,2025-03-24,0.0,0.0,0.0,0.0,0.0,0.0,1.0,0.0,0.0,0.0,0.0,0.0,0.0,nonkotter
U041T9ACB3L,UPS,40,2025-10-04,2024-10-19,4.0,4.0,2.0,2.0,3.0,3.0,0.0,1.0,2.0,2.0,12.0,5.0,0.0,active
U017HR8TZPW,Urkel,3,2025-07-15,2025-03-27,0.0,0.0,1.0,1.0,0.0,0.0,1.0,0.0,0.0,0.0,0.0,0.0,0.0,kotter
U0171KQRB6D,vern,241,2025-10-08,2024-10-08,17.0,17.0,17.0,21.0,21.0,23.0,18.0,21.0,23.0,21.0,22.0,19.0,1.0,active
U04AGF7MFK2,vespa,1,2025-05-10,2025-05-10,0.0,0.0,0.0,0.0,1.0,0.0,0.0,0.0,0.0,0.0,0.0,0.0,0.0,kotter
U08RSQBN3GT,Vespa,1,2025-05-10,2025-05-10,0.0,0.0,0.0,0.0,1.0,0.0,0.0,0.0,0.0,0.0,0.0,0.0,0.0,kotter
U03UC706GM9,Webster,1,2025-08-02,2025-08-02,0.0,0.0,1.0,0.0,0.0,0.0,0.0,0.0,0.0,0.0,0.0,0.0,0.0,kotter
U089QSWGZ7Z,Wet Bandit,16,2025-10-07,2025-01-30,2.0,3.0,8.0,0.0,0.0,0.0,2.0,0.0,1.0,0.0,0.0,0.0,0.0,active
U075HCVHAG1,Wilson,1,2025-04-05,2025-04-05,0.0,0.0,0.0,0.0,0.0,0.0,1.0,0.0,0.0,0.0,0.0,0.0,0.0,nonkotter
U01J9PPSDA9,Wine in a Box (F3 Naperville),1,2025-05-15,2025-05-15,0.0,0.0,0.0,0.0,1.0,0.0,0.0,0.0,0.0,0.0,0.0,0.0,0.0,kotter
U078VQE2ULB,Wing Stop (F3 Naperville),8,2025-09-02,2025-01-08,0.0,2.0,0.0,0.0,3.0,0.0,1.0,0.0,1.0,1.0,0.0,0.0,0.0,kotter
U043KC41LA2,Woo Woo,4,2024-11-26,2024-11-05,0.0,0.0,0.0,0.0,0.0,0.0,0.0,0.0,0.0,0.0,3.0,1.0,0.0,nonkotter
U016MKQUP29,Woody,60,2025-10-02,2024-10-08,8.0,5.0,8.0,8.0,6.0,3.0,3.0,0.0,0.0,5.0,3.0,10.0,1.0,active
U01C516QSQZ,Wreck-It Ralph,6,2024-11-28,2024-11-02,0.0,0.0,0.0,0.0,0.0,0.0,0.0,0.0,0.0,0.0,4.0,2.0,0.0,nonkotter
U070Z12249H,Xena- Warrior Princess,102,2025-10-02,2024-10-10,7.0,8.0,10.0,10.0,8.0,8.0,7.0,8.0,9.0,5.0,10.0,12.0,0.0,active
U041T99TNTC,YellowPages,158,2025-10-08,2024-10-09,18.0,10.0,12.0,8.0,12.0,12.0,11.0,16.0,7.0,17.0,21.0,14.0,0.0,active
U017D24BRC5,Zima (F3 Nomad),5,2025-08-13,2024-11-02,0.0,2.0,0.0,0.0,0.0,1.0,0.0,0.0,1.0,0.0,0.0,1.0,0.0,kotter
U05TUKL5N87,Zimmer,201,2025-10-08,2024-10-08,12.0,18.0,19.0,16.0,17.0,16.0,14.0,13.0,13.0,16.0,22.0,24.0,1.0,active